customer_id,Recency,Frequency,Monetary,R_Score,F_Score,M_Score,RFM_Score,Segment
AA-10315,185,5,5090484.0,2,2,5,225,Lost Customers
AA-10375,20,9,165678.0,5,5,1,551,Loyal Customers
AA-10480,260,4,193048.0,1,1,1,111,Lost Customers
AA-10645,56,6,1737756.0,3,3,4,334,Potential Loyalist
AB-10015,416,3,143818.0,1,1,1,111,Lost Customers
AB-10060,55,8,5110574.0,3,4,5,345,Potential Loyalist
AB-10105,42,10,2898788.0,4,5,5,455,Champions
AB-10150,42,5,280163.0,4,2,2,422,Loyal Customers
AB-10165,26,8,397663.0,5,4,2,542,Loyal Customers
AB-10255,167,9,583602.0,2,5,2,252,At Risk
AB-10600,51,4,1494514.0,4,1,4,414,Recent Customers
AC-10420,233,3,779856.0,1,1,3,113,Lost Customers
AC-10450,12,7,1285192.0,5,3,4,534,Loyal Customers
AC-10615,7,5,625708.0,5,2,2,522,Loyal Customers
AC-10660,283,5,625024.0,1,2,2,122,Lost Customers
AD-10180,30,8,1197155.0,4,4,4,444,Loyal Customers
AF-10870,42,7,680012.0,4,3,3,433,Loyal Customers
AF-10885,416,4,493735.0,1,1,2,112,Lost Customers
AG-10270,279,5,226563.0,1,2,1,121,Lost Customers
AG-10300,119,4,53214.0,2,1,1,211,Lost Customers
AG-10330,9,5,77502.0,5,2,1,521,Loyal Customers
AG-10390,115,5,52508.0,2,2,1,221,Lost Customers
AG-10495,79,8,1210894.0,3,4,4,344,Potential Loyalist
AG-10525,846,4,749681.0,1,1,3,113,Lost Customers
AG-10675,98,7,24906012.0,3,3,5,335,Potential Loyalist
AG-10765,78,4,48949.0,3,1,1,311,Recent Customers
AG-10900,97,10,2476212.0,3,5,5,355,Potential Loyalist
AH-10030,13,7,464630.0,5,3,2,532,Loyal Customers
AH-10075,35,10,2343506.0,4,5,5,455,Champions
AH-10120,61,7,559349.0,3,3,2,332,Potential Loyalist
AH-10195,56,4,707693.0,3,1,3,313,Recent Customers
AH-10210,7,9,476065.0,5,5,2,552,Loyal Customers
AH-10465,231,5,13672749.0,1,2,5,125,Lost Customers
AH-10585,22,4,85050.0,5,1,1,511,Recent Customers
AH-10690,411,12,2616481.0,1,5,5,155,At Risk
AI-10855,14,10,729058.0,5,5,3,553,Loyal Customers
AJ-10780,76,7,2037924.0,3,3,5,335,Potential Loyalist
AJ-10795,167,7,2608313.0,2,3,5,235,At Risk
AJ-10945,86,7,201123.0,3,3,1,331,Potential Loyalist
AJ-10960,75,3,94828.0,3,1,1,311,Recent Customers
AM-10360,29,5,216034.0,4,2,1,421,Loyal Customers
AM-10705,163,8,742669.0,2,4,3,243,At Risk
AO-10810,502,1,16128.0,1,1,1,111,Lost Customers
AP-10720,42,8,1033196.0,4,4,3,443,Loyal Customers
AP-10915,99,10,1015605.0,3,5,3,353,Potential Loyalist
AR-10345,112,4,957954.0,2,1,3,213,Lost Customers
AR-10405,126,5,1780827.0,2,2,4,224,Lost Customers
AR-10510,15,5,120711.0,5,2,1,521,Loyal Customers
AR-10540,7,6,1236816.0,5,3,4,534,Loyal Customers
AR-10570,535,1,5539.0,1,1,1,111,Lost Customers
AR-10825,59,8,2959055.0,3,4,5,345,Potential Loyalist
AS-10045,89,7,2257567.0,3,3,5,335,Potential Loyalist
AS-10090,29,9,1970668.0,4,5,4,454,Champions
AS-10135,42,2,5882.0,4,1,1,411,Recent Customers
AS-10225,23,5,450796.0,5,2,2,522,Loyal Customers
AS-10240,193,7,501871.0,2,3,2,232,At Risk
AS-10285,20,6,568434.0,5,3,2,532,Loyal Customers
AS-10630,93,7,271051.0,3,3,2,332,Potential Loyalist
AT-10435,22,6,913433.0,5,3,3,533,Loyal Customers
AT-10735,14,10,622239.0,5,5,2,552,Loyal Customers
AW-10840,21,4,255428.0,5,1,1,511,Recent Customers
AW-10930,47,7,1469542.0,4,3,4,434,Loyal Customers
AY-10555,15,4,278071.0,5,1,2,512,Recent Customers
AZ-10750,161,6,1350182.0,2,3,4,234,At Risk
BB-10990,106,5,438232.0,2,2,2,222,Lost Customers
BB-11545,29,9,1728860.0,4,5,4,454,Champions
BC-11125,203,9,2154546.0,2,5,5,255,At Risk
BD-11320,34,12,2408861.0,4,5,5,455,Champions
BD-11500,36,6,1032319.0,4,3,3,433,Loyal Customers
BD-11560,279,2,32054.0,1,1,1,111,Lost Customers
BD-11605,98,7,1164840.0,3,3,4,334,Potential Loyalist
BD-11620,70,6,1014247.0,3,3,3,333,Potential Loyalist
BD-11635,10,3,178501.0,5,1,1,511,Recent Customers
BD-11725,94,6,152650.0,3,3,1,331,Potential Loyalist
BD-11770,328,6,449045.0,1,3,2,132,At Risk
BE-11335,120,5,322337.0,2,2,2,222,Lost Customers
BE-11410,99,5,495179.0,3,2,2,322,Potential Loyalist
BE-11455,255,6,1143075.0,1,3,3,133,At Risk
BF-10975,92,7,208991.0,3,3,1,331,Potential Loyalist
BF-11005,40,4,959813.0,4,1,3,413,Recent Customers
BF-11020,75,8,1589977.0,3,4,4,344,Potential Loyalist
BF-11080,26,3,21760.0,5,1,1,511,Recent Customers
BF-11170,17,11,2787105.0,5,5,5,555,Champions
BF-11215,66,4,327061.0,3,1,2,312,Recent Customers
BF-11275,58,3,754271.0,3,1,3,313,Recent Customers
BG-11035,29,8,1992242.0,4,4,4,444,Loyal Customers
BG-11695,37,6,1742592.0,4,3,4,434,Loyal Customers
BG-11740,58,6,611274.0,3,3,2,332,Potential Loyalist
BH-11710,24,8,4741353.0,5,4,5,545,Champions
BK-11260,78,6,126068.0,3,3,1,331,Potential Loyalist
BM-11140,308,4,9134567.0,1,1,5,115,Lost Customers
BM-11575,101,6,392119.0,3,3,2,332,Potential Loyalist
BM-11650,34,11,1415241.0,4,5,4,454,Champions
BM-11785,219,10,1192754.0,2,5,4,254,At Risk
BN-11470,25,4,105528.0,5,1,1,511,Recent Customers
BN-11515,10,5,110955.0,5,2,1,521,Loyal Customers
BO-11350,138,5,563516.0,2,2,2,222,Lost Customers
BO-11425,76,2,13083.0,3,1,1,311,Recent Customers
BP-11050,84,5,44477.0,3,2,1,321,Potential Loyalist
BP-11095,18,12,869519.0,5,5,3,553,Loyal Customers
BP-11155,90,6,209468.0,3,3,1,331,Potential Loyalist
BP-11185,2,9,2118528.0,5,5,5,555,Champions
BP-11230,40,5,118149.0,4,2,1,421,Loyal Customers
BP-11290,13,7,1737733.0,5,3,4,534,Loyal Customers
BS-11365,559,5,1845660.0,1,2,4,124,Lost Customers
BS-11380,29,5,2675588.0,4,2,5,425,Loyal Customers
BS-11590,36,6,1422601.0,4,3,4,434,Loyal Customers
BS-11665,583,3,2145596.0,1,1,5,115,Lost Customers
BS-11755,2,7,1296496.0,5,3,4,534,Loyal Customers
BS-11800,266,2,77699.0,1,1,1,111,Lost Customers
BT-11305,337,5,261001.0,1,2,1,121,Lost Customers
BT-11395,303,6,838116.0,1,3,3,133,At Risk
BT-11440,561,4,512841.0,1,1,2,112,Lost Customers
BT-11485,660,2,66221.0,1,1,1,111,Lost Customers
BT-11530,92,5,2001554.0,3,2,5,325,Potential Loyalist
BT-11680,21,7,375882.0,5,3,2,532,Loyal Customers
BV-11245,335,5,795119.0,1,2,3,123,Lost Customers
BW-11065,213,3,372358.0,2,1,2,212,Lost Customers
BW-11110,122,8,4190918.0,2,4,5,245,At Risk
BW-11200,204,6,1316657.0,2,3,4,234,At Risk
CA-11965,97,6,4047211.0,3,3,5,335,Potential Loyalist
CA-12055,402,5,1020042.0,1,2,3,123,Lost Customers
CA-12265,57,9,3731502.0,3,5,5,355,Potential Loyalist
CA-12310,14,4,212597.0,5,1,1,511,Recent Customers
CA-12775,121,7,1836484.0,2,3,4,234,At Risk
CB-12025,48,10,2859620.0,4,5,5,455,Champions
CB-12415,27,8,1605193.0,5,4,4,544,Champions
CB-12535,198,8,6231284.0,2,4,5,245,At Risk
CC-12100,458,6,1060134.0,1,3,3,133,At Risk
CC-12145,107,7,2054311.0,2,3,5,235,At Risk
CC-12220,21,12,1536392.0,5,5,4,554,Champions
CC-12370,44,5,9361086.0,4,2,5,425,Loyal Customers
CC-12430,1,10,1162147.0,5,5,4,554,Champions
CC-12475,40,9,193725.0,4,5,1,451,Loyal Customers
CC-12550,28,3,73008.0,4,1,1,411,Recent Customers
CC-12610,35,7,909822.0,4,3,3,433,Loyal Customers
CC-12670,30,7,10045850.0,4,3,5,435,Loyal Customers
CC-12685,800,4,1528028.0,1,1,4,114,Lost Customers
CD-11920,41,5,366727.0,4,2,2,422,Loyal Customers
CD-11980,55,3,352702.0,3,1,2,312,Recent Customers
CD-12280,43,2,377863.0,4,1,2,412,Recent Customers
CD-12790,400,5,748656.0,1,2,3,123,Lost Customers
CG-12040,50,6,790645.0,4,3,3,433,Loyal Customers
CG-12520,339,3,237926.0,1,1,1,111,Lost Customers
CH-12070,692,3,1240335.0,1,1,4,114,Lost Customers
CJ-11875,366,1,1652.0,1,1,1,111,Lost Customers
CJ-12010,190,8,4659540.0,2,4,5,245,At Risk
CK-12205,40,13,2405776.0,4,5,5,455,Champions
CK-12325,121,5,429497.0,2,2,2,222,Lost Customers
CK-12595,44,11,555569.0,4,5,2,452,Loyal Customers
CK-12760,83,9,519776.0,3,5,2,352,Potential Loyalist
CL-11890,107,4,273427.0,2,1,2,212,Lost Customers
CL-12565,285,12,2733152.0,1,5,5,155,At Risk
CL-12700,106,5,710321.0,2,2,3,223,Lost Customers
CM-11815,132,6,839264.0,2,3,3,233,At Risk
CM-11935,709,2,533784.0,1,1,2,112,Lost Customers
CM-12115,9,4,166161.0,5,1,1,511,Recent Customers
CM-12160,27,6,620940.0,5,3,2,532,Loyal Customers
CM-12190,9,6,322766.0,5,3,2,532,Loyal Customers
CM-12235,386,5,1526348.0,1,2,4,124,Lost Customers
CM-12385,38,4,2921410.0,4,1,5,415,Recent Customers
CM-12445,437,3,140498.0,1,1,1,111,Lost Customers
CM-12655,28,6,5577020.0,4,3,5,435,Loyal Customers
CM-12715,1036,4,14798847.0,1,1,5,115,Lost Customers
CP-12085,83,8,954958.0,3,4,3,343,Potential Loyalist
CP-12340,161,8,4913485.0,2,4,5,245,At Risk
CR-12580,58,4,1946262.0,3,1,4,314,Recent Customers
CR-12625,471,3,21562.0,1,1,1,111,Lost Customers
CR-12730,79,4,683891.0,3,1,3,313,Recent Customers
CR-12820,86,3,1416047.0,3,1,4,314,Recent Customers
CS-11845,92,5,1113723.0,3,2,3,323,Potential Loyalist
CS-11860,163,6,513818.0,2,3,2,232,At Risk
CS-11950,26,11,2625787.0,5,5,5,555,Champions
CS-12130,490,4,484320.0,1,1,2,112,Lost Customers
CS-12175,233,5,100968.0,1,2,1,121,Lost Customers
CS-12250,27,12,536553.0,5,5,2,552,Loyal Customers
CS-12355,7,11,1295926.0,5,5,4,554,Champions
CS-12400,3,9,8447918.0,5,5,5,555,Champions
CS-12460,28,2,68226.0,4,1,1,411,Recent Customers
CS-12490,425,4,6125414.0,1,1,5,115,Lost Customers
CS-12505,59,6,5076489.0,3,3,5,335,Potential Loyalist
CT-11995,97,8,1608110.0,3,4,4,344,Potential Loyalist
CV-12295,255,5,1115624.0,1,2,3,123,Lost Customers
CV-12805,6,9,4035688.0,5,5,5,555,Champions
CW-11905,23,6,252468.0,5,3,1,531,Loyal Customers
CY-12745,61,8,1820998.0,3,4,4,344,Potential Loyalist
Co-12640,550,5,99683.0,1,2,1,121,Lost Customers
DA-13450,353,4,72484.0,1,1,1,111,Lost Customers
DB-12910,22,8,1191013.0,5,4,4,544,Champions
DB-12970,242,5,2695670.0,1,2,5,125,Lost Customers
DB-13060,17,7,1655318.0,5,3,4,534,Loyal Customers
DB-13120,49,7,563452.0,4,3,2,432,Loyal Customers
DB-13210,10,10,1549820.0,5,5,4,554,Champions
DB-13270,54,8,1493450.0,4,4,4,444,Loyal Customers
DB-13360,265,5,584144.0,1,2,2,122,Lost Customers
DB-13405,188,4,235314.0,2,1,1,211,Lost Customers
DB-13555,108,7,7489325.0,2,3,5,235,At Risk
DB-13615,34,7,1234157.0,4,3,4,434,Loyal Customers
DB-13660,13,7,807307.0,5,3,3,533,Loyal Customers
DC-12850,38,9,3009603.0,4,5,5,455,Champions
DC-13285,24,5,922096.0,5,2,3,523,Loyal Customers
DD-13570,42,6,143821.0,4,3,1,431,Loyal Customers
DE-13255,720,5,216886.0,1,2,1,121,Lost Customers
DF-13135,701,3,1566314.0,1,1,4,114,Lost Customers
DG-13300,33,5,1249901.0,4,2,4,424,Loyal Customers
DH-13075,278,6,1646261.0,1,3,4,134,At Risk
DH-13675,777,4,831911.0,1,1,3,113,Lost Customers
DJ-13420,638,4,70311.0,1,1,1,111,Lost Customers
DJ-13510,49,8,1866612.0,4,4,4,444,Loyal Customers
DJ-13630,13,3,1657810.0,5,1,4,514,Recent Customers
DK-12835,22,12,607438.0,5,5,2,552,Loyal Customers
DK-12895,46,5,1361028.0,4,2,4,424,Loyal Customers
DK-12985,8,5,358559.0,5,2,2,522,Loyal Customers
DK-13090,43,7,1731225.0,4,3,4,434,Loyal Customers
DK-13150,11,2,490113.0,5,1,2,512,Recent Customers
DK-13225,11,9,1719840.0,5,5,4,554,Champions
DK-13375,20,8,635064.0,5,4,2,542,Loyal Customers
DL-12865,101,8,1246396.0,3,4,4,344,Potential Loyalist
DL-12925,58,6,304090.0,3,3,2,332,Potential Loyalist
DL-13315,23,8,467673.0,5,4,2,542,Loyal Customers
DL-13330,58,4,71759.0,3,1,1,311,Recent Customers
DL-13495,77,8,1868166.0,3,4,4,344,Potential Loyalist
DM-12955,115,7,1123755.0,2,3,3,233,At Risk
DM-13015,58,7,2086816.0,3,3,5,335,Potential Loyalist
DM-13345,23,8,996859.0,5,4,3,543,Loyal Customers
DM-13525,482,3,346040.0,1,1,2,112,Lost Customers
DN-13690,218,7,169681.0,2,3,1,231,At Risk
DO-13435,134,9,4130482.0,2,5,5,255,At Risk
DO-13645,27,7,540890.0,5,3,2,532,Loyal Customers
DP-13000,127,9,366249.0,2,5,2,252,At Risk
DP-13105,7,8,1967925.0,5,4,4,544,Champions
DP-13165,813,2,113076.0,1,1,1,111,Lost Customers
DP-13390,359,9,5001375.0,1,5,5,155,At Risk
DR-12880,4,9,3614005.0,5,5,5,555,Champions
DR-12940,51,8,1642889.0,4,4,4,444,Loyal Customers
DS-13030,94,4,890635.0,3,1,3,313,Recent Customers
DS-13180,24,9,3713897.0,5,5,5,555,Champions
DV-13045,20,5,1066374.0,5,2,3,523,Loyal Customers
DV-13465,30,6,1493662.0,4,3,4,434,Loyal Customers
DW-13195,70,6,398758.0,3,3,2,332,Potential Loyalist
DW-13480,218,5,1317658.0,2,2,4,224,Lost Customers
DW-13540,99,5,122392.0,3,2,1,321,Potential Loyalist
DW-13585,243,7,400416.0,1,3,2,132,At Risk
Dl-13600,120,5,679462.0,2,2,3,223,Lost Customers
Dp-13240,85,11,3834534.0,3,5,5,355,Potential Loyalist
EA-14035,153,13,1152014.0,2,5,4,254,At Risk
EB-13705,49,9,3610508.0,4,5,5,455,Champions
EB-13750,36,10,2049043.0,4,5,5,455,Champions
EB-13840,91,5,999814.0,3,2,3,323,Potential Loyalist
EB-13870,101,10,1785796.0,3,5,4,354,Potential Loyalist
EB-13930,162,5,584672.0,2,2,2,222,Lost Customers
EB-13975,1,4,1063043.0,5,1,3,513,Recent Customers
EB-14110,114,6,2261540.0,2,3,5,235,At Risk
EB-14170,83,6,142191.0,3,3,1,331,Potential Loyalist
EC-14050,54,5,51127.0,4,2,1,421,Loyal Customers
ED-13885,136,8,2783487.0,2,4,5,245,At Risk
EG-13900,23,5,1237156.0,5,2,4,524,Loyal Customers
EH-13765,136,12,1705080.0,2,5,4,254,At Risk
EH-13945,218,8,345348.0,2,4,2,242,At Risk
EH-13990,406,6,621902.0,1,3,2,132,At Risk
EH-14005,3,7,628356.0,5,3,2,532,Loyal Customers
EH-14125,153,10,2173473.0,2,5,5,255,At Risk
EH-14185,106,6,761047.0,2,3,3,233,At Risk
EJ-13720,303,4,800708.0,1,1,3,113,Lost Customers
EJ-14155,58,5,1116980.0,3,2,3,323,Potential Loyalist
EK-13795,45,4,148220.0,4,1,1,411,Recent Customers
EL-13735,78,2,12428.0,3,1,1,311,Recent Customers
EM-13810,133,5,2354025.0,2,2,5,225,Lost Customers
EM-13825,56,8,675840.0,3,4,3,343,Potential Loyalist
EM-13960,152,5,191348.0,2,2,1,221,Lost Customers
EM-14065,48,4,69555.0,4,1,1,411,Recent Customers
EM-14095,114,4,442461.0,2,1,2,212,Lost Customers
EM-14140,49,6,1207874.0,4,3,4,434,Loyal Customers
EM-14200,159,3,315513.0,2,1,2,212,Lost Customers
EN-13780,288,4,356958.0,1,1,2,112,Lost Customers
EP-13915,13,17,11809730.0,5,5,5,555,Champions
ER-13855,422,3,308159.0,1,1,2,112,Lost Customers
ES-14020,41,5,3265973.0,4,2,5,425,Loyal Customers
ES-14080,29,9,1059877.0,4,5,3,453,Loyal Customers
FA-14230,98,7,1249754.0,3,3,4,334,Potential Loyalist
FC-14245,71,7,822836.0,3,3,3,333,Potential Loyalist
FC-14335,185,7,1483288.0,2,3,4,234,At Risk
FG-14260,35,7,571605.0,4,3,2,432,Loyal Customers
FH-14275,38,10,2462329.0,4,5,5,455,Champions
FH-14350,213,4,401021.0,2,1,2,212,Lost Customers
FH-14365,6,8,923662.0,5,4,3,543,Loyal Customers
FM-14215,8,10,419560.0,5,5,2,552,Loyal Customers
FM-14290,37,9,409600.0,4,5,2,452,Loyal Customers
FM-14380,146,9,1188719.0,2,5,4,254,At Risk
FO-14305,39,10,1083872.0,4,5,3,453,Loyal Customers
FP-14320,24,8,3329338.0,5,4,5,545,Champions
FW-14395,363,3,4051.0,1,1,1,111,Lost Customers
GA-14515,150,8,1158918.0,2,4,4,244,At Risk
GA-14725,6,11,484783.0,5,5,2,552,Loyal Customers
GB-14530,63,11,523234.0,3,5,2,352,Potential Loyalist
GB-14575,14,5,555039.0,5,2,2,522,Loyal Customers
GD-14590,6,4,756977.0,5,1,3,513,Recent Customers
GG-14650,44,9,1244674.0,4,5,4,454,Champions
GH-14410,76,9,2371276.0,3,5,5,355,Potential Loyalist
GH-14425,51,4,4030970.0,4,1,5,415,Recent Customers
GH-14485,388,2,1123914.0,1,1,3,113,Lost Customers
GH-14665,3,2,819788.0,5,1,3,513,Recent Customers
GK-14620,113,9,4000913.0,2,5,5,255,At Risk
GM-14440,84,7,942148.0,3,3,3,333,Potential Loyalist
GM-14455,17,6,1481142.0,5,3,4,534,Loyal Customers
GM-14500,107,10,370046.0,2,5,2,252,At Risk
GM-14680,153,6,960248.0,2,3,3,233,At Risk
GM-14695,118,3,2039899.0,2,1,5,215,Lost Customers
GP-14740,766,2,14212.0,1,1,1,111,Lost Customers
GR-14560,1136,2,126413.0,1,1,1,111,Lost Customers
GT-14635,57,3,1985108.0,3,1,4,314,Recent Customers
GT-14710,37,11,3880500.0,4,5,5,455,Champions
GT-14755,35,4,132926.0,4,1,1,411,Recent Customers
GW-14605,29,7,1325856.0,4,3,4,434,Loyal Customers
GZ-14470,8,9,502817.0,5,5,2,552,Loyal Customers
GZ-14545,158,4,570256.0,2,1,2,212,Lost Customers
HA-14905,70,7,1309713.0,3,3,4,334,Potential Loyalist
HA-14920,21,8,1456116.0,5,4,4,544,Champions
HD-14785,770,3,64556.0,1,1,1,111,Lost Customers
HE-14800,13,4,215237.0,5,1,1,511,Recent Customers
HF-14995,22,7,1476105.0,5,4,4,544,Champions
HG-14845,55,5,672876.0,3,2,3,323,Potential Loyalist
HG-14965,24,12,481915.0,5,5,2,552,Loyal Customers
HG-15025,7,7,721454.0,5,4,3,543,Loyal Customers
HH-15010,73,2,40963.0,3,1,1,311,Recent Customers
HJ-14875,127,5,108683.0,2,2,1,221,Lost Customers
HK-14890,152,8,1055187.0,2,4,3,243,At Risk
HL-15040,44,6,1297939.0,4,3,4,434,Loyal Customers
HM-14860,3,10,10803077.0,5,5,5,555,Champions
HM-14980,248,4,157090.0,1,1,1,111,Lost Customers
HP-14815,31,7,368577.0,4,4,2,442,Loyal Customers
HR-14770,14,5,264036.0,5,2,2,522,Loyal Customers
HR-14830,160,7,1145669.0,2,4,4,244,At Risk
HW-14935,118,8,1579379.0,2,4,4,244,At Risk
HZ-14950,36,5,197192.0,4,2,1,421,Loyal Customers
IG-15085,72,4,75667.0,3,1,1,311,Recent Customers
IL-15100,143,7,645703.0,2,4,2,242,At Risk
IM-15055,410,3,287263.0,1,1,2,112,Lost Customers
IM-15070,391,7,1046056.0,1,4,3,143,At Risk
JA-15970,93,8,5892022.0,3,4,5,345,Potential Loyalist
JB-15400,8,10,948881.0,5,5,3,553,Loyal Customers
JB-15925,738,3,675318.0,1,1,3,113,Lost Customers
JB-16000,44,7,3309431.0,4,4,5,445,Champions
JB-16045,8,5,324590.0,5,2,2,522,Loyal Customers
JC-15340,115,4,19261.0,2,1,1,211,Lost Customers
JC-15385,176,1,121712.0,2,1,1,211,Lost Customers
JC-15775,159,9,2135197.0,2,5,5,255,At Risk
JC-16105,58,5,527412.0,3,2,2,322,Potential Loyalist
JD-15790,118,5,1935380.0,2,2,4,224,Lost Customers
JD-15895,395,11,1486355.0,1,5,4,154,At Risk
JD-16015,113,6,137930.0,2,3,1,231,At Risk
JD-16060,301,3,165828.0,1,1,1,111,Lost Customers
JD-16150,42,8,5833897.0,4,4,5,445,Champions
JE-15475,194,6,235827.0,2,3,1,231,At Risk
JE-15610,49,7,3194847.0,4,4,5,445,Champions
JE-15715,47,10,5503680.0,4,5,5,455,Champions
JE-15745,52,13,2118507.0,4,5,5,455,Champions
JE-16165,21,3,288560.0,5,1,2,512,Recent Customers
JF-15190,66,7,964506.0,3,4,3,343,Potential Loyalist
JF-15295,226,5,518210.0,1,2,2,122,Lost Customers
JF-15355,106,6,1402642.0,2,3,4,234,At Risk
JF-15415,3,6,482708.0,5,3,2,532,Loyal Customers
JF-15490,122,11,829676.0,2,5,3,253,At Risk
JF-15565,55,8,2387613.0,3,4,5,345,Potential Loyalist
JG-15115,759,3,652330.0,1,1,3,113,Lost Customers
JG-15160,2,11,2280527.0,5,5,5,555,Champions
JG-15310,3,6,757911.0,5,3,3,533,Loyal Customers
JG-15805,224,6,239233.0,2,3,1,231,At Risk
JH-15430,6,4,168422.0,5,1,1,511,Recent Customers
JH-15820,175,6,243151.0,2,3,1,231,At Risk
JH-15910,42,7,669884.0,4,4,3,443,Loyal Customers
JH-15985,30,6,6612153.0,4,3,5,435,Loyal Customers
JH-16180,405,4,2256394.0,1,1,5,115,Lost Customers
JJ-15445,484,5,105368.0,1,2,1,121,Lost Customers
JJ-15760,754,2,15342.0,1,1,1,111,Lost Customers
JK-15205,62,5,709341.0,3,2,3,323,Potential Loyalist
JK-15325,288,3,39850.0,1,1,1,111,Lost Customers
JK-15370,45,8,2257283.0,4,4,5,445,Champions
JK-15625,62,7,1335707.0,3,4,4,344,Potential Loyalist
JK-15640,181,9,238483.0,2,5,1,251,At Risk
JK-15730,85,10,1819071.0,3,5,4,354,Potential Loyalist
JK-16090,29,3,710006.0,4,1,3,413,Recent Customers
JK-16120,118,10,756185.0,2,5,3,253,At Risk
JL-15130,9,6,1088416.0,5,3,3,533,Loyal Customers
JL-15175,7,5,1442355.0,5,2,4,524,Loyal Customers
JL-15235,120,5,1716494.0,2,2,4,224,Lost Customers
JL-15505,50,6,799611.0,4,3,3,433,Loyal Customers
JL-15835,22,11,5757771.0,5,5,5,555,Champions
JL-15850,615,6,1309268.0,1,3,4,134,At Risk
JM-15250,38,6,1343759.0,4,3,4,434,Loyal Customers
JM-15265,38,5,333960.0,4,2,2,422,Loyal Customers
JM-15535,103,7,614248.0,3,4,2,342,Potential Loyalist
JM-15580,1,5,213057.0,5,2,1,521,Loyal Customers
JM-15655,9,5,638732.0,5,2,2,522,Loyal Customers
JM-15865,110,7,1332429.0,2,4,4,244,At Risk
JM-16195,58,10,322170.0,3,5,2,352,Potential Loyalist
JO-15145,58,9,1261044.0,3,5,4,354,Potential Loyalist
JO-15280,93,6,635194.0,3,3,2,332,Potential Loyalist
JO-15550,216,5,988121.0,2,2,3,223,Lost Customers
JP-15460,38,7,308407.0,4,4,2,442,Loyal Customers
JP-15520,9,7,1199843.0,5,4,4,544,Champions
JP-16135,103,9,647429.0,3,5,3,353,Potential Loyalist
JR-15670,594,2,646718.0,1,1,3,113,Lost Customers
JR-15700,69,1,86388.0,3,1,1,311,Recent Customers
JR-16210,34,5,856033.0,4,2,3,423,Loyal Customers
JS-15595,120,4,197965.0,2,1,1,211,Lost Customers
JS-15685,43,4,904102.0,4,1,3,413,Recent Customers
JS-15880,535,5,730692.0,1,2,3,123,Lost Customers
JS-15940,464,5,414989.0,1,2,2,122,Lost Customers
JS-16030,29,6,889672.0,4,3,3,433,Loyal Customers
JW-15220,43,6,2330453.0,4,3,5,435,Loyal Customers
JW-15955,6,7,315925.0,5,4,2,542,Loyal Customers
JW-16075,462,4,476531.0,1,1,2,112,Lost Customers
KA-16525,37,7,604035.0,4,4,2,442,Loyal Customers
KB-16240,5,7,366890.0,5,4,2,542,Loyal Customers
KB-16315,297,9,1251836.0,1,5,4,154,At Risk
KB-16405,118,3,337303.0,2,1,2,212,Lost Customers
KB-16585,231,12,1493274.0,1,5,4,154,At Risk
KB-16600,2,7,90132.0,5,4,1,541,Loyal Customers
KC-16255,408,6,230702.0,1,3,1,131,At Risk
KC-16540,98,4,485643.0,3,1,2,312,Recent Customers
KC-16675,58,4,798245.0,3,1,3,313,Recent Customers
KD-16270,485,5,2035440.0,1,2,5,125,Lost Customers
KD-16345,42,6,966743.0,4,3,3,433,Loyal Customers
KD-16495,113,12,1738372.0,2,5,4,254,At Risk
KD-16615,290,5,621026.0,1,2,2,122,Lost Customers
KE-16420,27,8,2625910.0,5,4,5,545,Champions
KF-16285,98,7,7169857.0,3,4,5,345,Potential Loyalist
KH-16330,41,8,1741914.0,4,4,4,444,Loyal Customers
KH-16360,2,6,1425379.0,5,3,4,534,Loyal Customers
KH-16510,23,7,4540192.0,5,4,5,545,Champions
KH-16630,59,9,681351.0,3,5,3,353,Potential Loyalist
KH-16690,3,7,861258.0,5,4,3,543,Loyal Customers
KL-16555,17,8,3512957.0,5,4,5,545,Champions
KL-16645,48,12,3566569.0,4,5,5,455,Champions
KM-16225,15,6,224114.0,5,3,1,531,Loyal Customers
KM-16375,57,8,2036476.0,3,4,5,345,Potential Loyalist
KM-16660,16,5,238132.0,5,2,1,521,Loyal Customers
KM-16720,29,8,2602880.0,4,4,5,445,Champions
KN-16390,20,9,1989666.0,5,5,4,554,Champions
KN-16450,53,5,1893376.0,4,2,4,424,Loyal Customers
KN-16705,99,8,351709.0,3,4,2,342,Potential Loyalist
KS-16300,296,3,79634.0,1,1,1,111,Lost Customers
KT-16465,392,7,1488787.0,1,4,4,144,At Risk
KT-16480,101,10,3768075.0,3,5,5,355,Potential Loyalist
KW-16435,97,5,603625.0,3,2,2,322,Potential Loyalist
KW-16570,772,4,95063.0,1,1,1,111,Lost Customers
LA-16780,155,11,1917966.0,2,5,4,254,At Risk
LB-16735,49,3,6808.0,4,1,1,411,Recent Customers
LB-16795,153,8,1670571.0,2,4,4,244,At Risk
LC-16870,28,8,995246.0,4,4,3,443,Loyal Customers
LC-16885,17,12,6519703.0,5,5,5,555,Champions
LC-16930,42,8,2037827.0,4,4,5,445,Champions
LC-16960,437,4,3130571.0,1,1,5,115,Lost Customers
LC-17050,55,5,941624.0,3,2,3,323,Potential Loyalist
LC-17140,14,9,642449.0,5,5,2,552,Loyal Customers
LD-16855,553,1,5304.0,1,1,1,111,Lost Customers
LD-17005,415,4,246318.0,1,1,1,111,Lost Customers
LE-16810,22,6,729875.0,5,3,3,533,Loyal Customers
LF-17185,23,7,3095669.0,5,4,5,545,Champions
LH-16750,152,3,36749.0,2,1,1,211,Lost Customers
LH-16900,22,9,723410.0,5,5,3,553,Loyal Customers
LH-17020,240,4,264662.0,1,1,2,112,Lost Customers
LH-17155,386,9,745180.0,1,5,3,153,At Risk
LL-16840,250,6,340130.0,1,3,2,132,At Risk
LM-17065,392,5,703193.0,1,2,3,123,Lost Customers
LO-17170,3,5,170950.0,5,2,1,521,Loyal Customers
LP-17080,41,4,609141.0,4,1,2,412,Recent Customers
LP-17095,10,7,2376407.0,5,4,5,545,Champions
LR-16915,27,6,3503335.0,5,3,5,535,Loyal Customers
LR-17035,133,5,1403170.0,2,2,4,224,Lost Customers
LS-16945,179,6,2450044.0,2,3,5,235,At Risk
LS-16975,21,9,809504.0,5,5,3,553,Loyal Customers
LS-17200,97,6,192003.0,3,3,1,331,Potential Loyalist
LS-17230,778,3,264894.0,1,1,2,112,Lost Customers
LS-17245,35,6,328681.0,4,3,2,432,Loyal Customers
LT-16765,27,3,281330.0,5,1,2,512,Recent Customers
LT-17110,35,8,1889714.0,4,4,4,444,Loyal Customers
LW-16825,89,5,271561.0,3,2,2,322,Potential Loyalist
LW-16990,34,6,981982.0,4,3,3,433,Loyal Customers
LW-17125,206,3,57792.0,2,1,1,211,Lost Customers
LW-17215,22,7,4237518.0,5,4,5,545,Champions
MA-17560,65,11,2344937.0,3,5,5,355,Potential Loyalist
MA-17995,187,6,1837756.0,2,3,4,234,At Risk
MB-17305,49,10,1089090.0,4,5,3,453,Loyal Customers
MB-18085,45,7,1035885.0,4,4,3,443,Loyal Customers
MC-17275,77,8,454040.0,3,4,2,342,Potential Loyalist
MC-17425,400,5,798829.0,1,2,3,123,Lost Customers
MC-17575,28,8,722781.0,4,4,3,443,Loyal Customers
MC-17590,52,6,1364832.0,4,3,4,434,Loyal Customers
MC-17605,113,8,1471619.0,2,4,4,244,At Risk
MC-17635,190,4,281578.0,2,1,2,212,Lost Customers
MC-17845,2,7,937756.0,5,4,3,543,Loyal Customers
MC-18100,42,10,470334.0,4,5,2,452,Loyal Customers
MC-18130,370,5,1373135.0,1,2,4,124,Lost Customers
MD-17350,118,7,2646755.0,2,4,5,245,At Risk
MD-17860,37,5,160883.0,4,2,1,421,Loyal Customers
ME-17320,43,10,5499744.0,4,5,5,455,Champions
ME-17725,29,8,4718489.0,4,4,5,445,Champions
ME-18010,93,4,1158736.0,3,2,4,324,Potential Loyalist
MF-17665,422,5,649102.0,1,2,3,123,Lost Customers
MF-18250,8,5,543174.0,5,2,2,522,Loyal Customers
MG-17650,30,7,1901171.0,4,4,4,444,Loyal Customers
MG-17680,93,4,2024622.0,3,2,5,325,Potential Loyalist
MG-17695,556,3,590629.0,1,1,2,112,Lost Customers
MG-17875,117,5,980843.0,2,2,3,223,Lost Customers
MG-17890,100,9,346967.0,3,5,2,352,Potential Loyalist
MG-18145,85,4,1985296.0,3,2,4,324,Potential Loyalist
MG-18205,265,1,5651.0,1,1,1,111,Lost Customers
MH-17290,120,6,931750.0,2,3,3,233,At Risk
MH-17440,377,4,63029.0,1,2,1,121,Lost Customers
MH-17455,86,8,903295.0,3,4,3,343,Potential Loyalist
MH-17620,156,4,37296.0,2,2,1,221,Lost Customers
MH-17785,99,7,288659.0,3,4,2,342,Potential Loyalist
MH-18025,50,5,799568.0,4,2,3,423,Loyal Customers
MH-18115,6,9,2729158.0,5,5,5,555,Champions
MJ-17740,23,7,472339.0,5,4,2,542,Loyal Customers
MK-17905,29,8,789621.0,4,4,3,443,Loyal Customers
MK-18160,241,4,82273.0,1,2,1,121,Lost Customers
ML-17395,70,9,787330.0,3,5,3,353,Potential Loyalist
ML-17410,55,6,821422.0,3,3,3,333,Potential Loyalist
ML-17755,30,7,1192803.0,4,4,4,444,Loyal Customers
ML-18040,80,3,87188.0,3,1,1,311,Recent Customers
ML-18265,101,2,25468.0,3,1,1,311,Recent Customers
MM-17260,169,4,1112216.0,2,2,3,223,Lost Customers
MM-17920,8,11,1544458.0,5,5,4,554,Champions
MM-18055,62,8,2317881.0,3,4,5,345,Potential Loyalist
MM-18280,86,9,640792.0,3,5,2,352,Potential Loyalist
MN-17935,35,6,1433100.0,4,3,4,434,Loyal Customers
MO-17500,73,4,893813.0,3,2,3,323,Potential Loyalist
MO-17800,105,8,731119.0,2,4,3,243,At Risk
MO-17950,181,2,85204.0,2,1,1,211,Lost Customers
MP-17470,720,7,2063663.0,1,4,5,145,At Risk
MP-17965,73,9,916406.0,3,5,3,353,Potential Loyalist
MP-18175,17,9,1855030.0,5,5,4,554,Champions
MR-17545,126,4,97225.0,2,2,1,221,Lost Customers
MS-17365,274,10,4432686.0,1,5,5,155,At Risk
MS-17530,435,4,66822.0,1,2,1,121,Lost Customers
MS-17710,414,6,696356.0,1,3,3,133,At Risk
MS-17770,122,9,1293513.0,2,5,4,254,At Risk
MS-17830,453,4,267532.0,1,2,2,122,Lost Customers
MS-17980,27,6,411299.0,5,3,2,532,Loyal Customers
MT-17815,50,6,269420.0,4,3,2,432,Loyal Customers
MT-18070,204,4,3603423.0,2,2,5,225,Lost Customers
MV-17485,28,9,912527.0,4,5,3,453,Loyal Customers
MV-18190,20,7,1164667.0,5,4,4,544,Champions
MW-18220,18,7,2759341.0,5,4,5,545,Champions
MW-18235,45,2,2253366.0,4,1,5,415,Recent Customers
MY-17380,30,7,1254970.0,4,4,4,444,Loyal Customers
MY-18295,72,11,2132025.0,3,5,5,355,Potential Loyalist
MZ-17335,31,4,212744.0,4,2,1,421,Loyal Customers
MZ-17515,283,6,2126633.0,1,3,5,135,At Risk
NB-18580,1166,2,156944.0,1,1,1,111,Lost Customers
NB-18655,20,9,1545243.0,5,5,4,554,Champions
NC-18340,225,5,824700.0,2,2,3,223,Lost Customers
NC-18415,42,6,2091694.0,4,3,5,435,Loyal Customers
NC-18535,7,7,6435997.0,5,4,5,545,Champions
NC-18625,205,5,425815.0,2,2,2,222,Lost Customers
ND-18370,28,9,1299448.0,4,5,4,454,Champions
ND-18460,184,6,354384.0,2,3,2,232,At Risk
NF-18385,80,7,4209493.0,3,4,5,345,Potential Loyalist
NF-18475,526,4,129941.0,1,2,1,121,Lost Customers
NF-18595,115,7,1230733.0,2,4,4,244,At Risk
NG-18355,49,5,718057.0,4,2,3,423,Loyal Customers
NG-18430,49,5,857189.0,4,2,3,423,Loyal Customers
NH-18610,190,7,208820.0,2,4,1,241,At Risk
NK-18490,71,7,166319.0,3,4,1,341,Potential Loyalist
NL-18310,59,4,775265.0,3,2,3,323,Potential Loyalist
NM-18445,161,7,745676.0,2,4,3,243,At Risk
NM-18520,245,10,261800.0,1,5,2,152,At Risk
NP-18325,26,6,2287361.0,5,3,5,535,Loyal Customers
NP-18670,59,5,233675.0,3,2,1,321,Potential Loyalist
NP-18685,407,6,293265.0,1,3,2,132,At Risk
NP-18700,139,7,7957259.0,2,4,5,245,At Risk
NR-18550,211,5,1241359.0,2,2,4,224,Lost Customers
NS-18505,7,4,1643247.0,5,2,4,524,Loyal Customers
NS-18640,175,13,875455.0,2,5,3,253,At Risk
NW-18400,173,7,4338750.0,2,4,5,245,At Risk
NZ-18565,86,9,1197098.0,3,5,4,354,Potential Loyalist
ON-18715,411,9,882422.0,1,5,3,153,At Risk
OT-18730,66,5,1609871.0,3,2,4,324,Potential Loyalist
PA-19060,104,6,240096.0,3,3,1,331,Potential Loyalist
PB-18805,26,3,263275.0,5,1,2,512,Recent Customers
PB-19105,58,4,660514.0,3,2,3,323,Potential Loyalist
PB-19150,98,8,219099.0,3,4,1,341,Potential Loyalist
PB-19210,689,2,69801.0,1,1,1,111,Lost Customers
PC-18745,3,4,1663422.0,5,2,4,524,Loyal Customers
PC-19000,883,2,1055440.0,1,1,3,113,Lost Customers
PF-19120,836,4,6026246.0,1,2,5,125,Lost Customers
PF-19165,197,6,206179.0,2,3,1,231,At Risk
PF-19225,115,5,836688.0,2,2,3,223,Lost Customers
PG-18820,37,13,1284360.0,4,5,4,454,Champions
PG-18895,58,9,950076.0,3,5,3,353,Potential Loyalist
PH-18790,71,1,729648.0,3,1,3,313,Recent Customers
PJ-18835,40,8,248495.0,4,4,1,441,Loyal Customers
PJ-19015,135,7,198357.0,2,4,1,241,At Risk
PK-18910,484,2,395118.0,1,1,2,112,Lost Customers
PK-19075,10,12,6393289.0,5,5,5,555,Champions
PL-18925,16,5,138978.0,5,2,1,521,Loyal Customers
PM-18940,387,3,407896.0,1,1,2,112,Lost Customers
PM-19135,52,4,2030056.0,4,2,5,425,Loyal Customers
PN-18775,31,8,725723.0,4,4,3,443,Loyal Customers
PO-18850,5,11,12682247.0,5,5,5,555,Champions
PO-18865,1,7,1087333.0,5,4,3,543,Loyal Customers
PO-19180,161,9,1893685.0,2,5,4,254,At Risk
PO-19195,87,5,743775.0,3,2,3,323,Potential Loyalist
PP-18955,98,10,1233273.0,3,5,4,354,Potential Loyalist
PR-18880,37,5,1410473.0,4,2,4,424,Loyal Customers
PS-18760,108,6,753566.0,2,3,3,233,At Risk
PS-18970,70,8,519165.0,3,4,2,342,Potential Loyalist
PS-19045,237,7,4011793.0,1,4,5,145,At Risk
PT-19090,72,4,155910.0,3,2,1,321,Potential Loyalist
PV-18985,90,5,786354.0,3,2,3,323,Potential Loyalist
PW-19030,47,10,473864.0,4,5,2,452,Loyal Customers
PW-19240,465,7,1120706.0,1,4,3,143,At Risk
QJ-19255,26,9,353072.0,5,5,2,552,Loyal Customers
RA-19285,6,9,976891.0,5,5,3,553,Loyal Customers
RA-19885,44,7,1178097.0,4,4,4,444,Loyal Customers
RA-19915,13,9,3169358.0,5,5,5,555,Champions
RA-19945,62,5,2817264.0,3,2,5,325,Potential Loyalist
RB-19330,69,2,349063.0,3,1,2,312,Recent Customers
RB-19360,97,6,1632000.0,3,3,4,334,Potential Loyalist
RB-19435,20,8,1053238.0,5,4,3,543,Loyal Customers
RB-19465,10,12,1371939.0,5,5,4,554,Champions
RB-19570,26,5,316974.0,5,2,2,522,Loyal Customers
RB-19645,649,5,141110.0,1,2,1,121,Lost Customers
RB-19705,55,4,459411.0,3,2,2,322,Potential Loyalist
RB-19795,33,8,3096522.0,4,4,5,445,Champions
RC-19825,370,6,727207.0,1,3,3,133,At Risk
RC-19960,111,6,432404.0,2,3,2,232,At Risk
RD-19480,73,8,1759176.0,3,4,4,344,Potential Loyalist
RD-19585,181,10,868661.0,2,5,3,253,At Risk
RD-19660,115,5,687508.0,2,2,3,223,Lost Customers
RD-19720,22,10,793166.0,5,5,3,553,Loyal Customers
RD-19810,15,8,205162.0,5,4,1,541,Loyal Customers
RD-19900,115,9,1926601.0,2,5,4,254,At Risk
RD-19930,43,4,409378.0,4,2,2,422,Loyal Customers
RE-19405,1098,1,4836.0,1,1,1,111,Lost Customers
RE-19450,303,5,255237.0,1,2,1,121,Lost Customers
RF-19345,391,8,252264.0,1,4,1,141,At Risk
RF-19735,90,7,544167.0,3,4,2,342,Potential Loyalist
RF-19840,7,8,129867.0,5,4,1,541,Loyal Customers
RH-19495,33,5,1442395.0,4,2,4,424,Loyal Customers
RH-19510,468,6,391738.0,1,3,2,132,At Risk
RH-19555,520,2,106098.0,1,1,1,111,Lost Customers
RH-19600,535,3,1290149.0,1,1,4,114,Lost Customers
RK-19300,120,3,67082.0,2,1,1,211,Lost Customers
RL-19615,122,8,3135049.0,2,4,5,245,At Risk
RM-19375,346,6,153658.0,1,3,1,131,At Risk
RM-19675,7,5,3074940.0,5,2,5,525,Loyal Customers
RM-19750,300,1,9835.0,1,1,1,111,Lost Customers
RO-19780,36,7,2499345.0,4,4,5,445,Champions
RP-19270,497,4,3928139.0,1,2,5,125,Lost Customers
RP-19390,34,12,1850462.0,4,5,4,454,Champions
RP-19855,29,8,348837.0,4,4,2,442,Loyal Customers
RR-19315,20,2,539342.0,5,1,2,512,Recent Customers
RR-19525,171,6,637101.0,2,3,2,232,At Risk
RS-19420,77,5,322129.0,3,2,2,322,Potential Loyalist
RS-19765,37,8,529548.0,4,4,2,442,Loyal Customers
RS-19870,20,2,10430.0,5,1,1,511,Recent Customers
RW-19540,121,7,1713046.0,2,4,4,244,At Risk
RW-19630,90,9,1489799.0,3,5,4,354,Potential Loyalist
RW-19690,80,5,344647.0,3,2,2,322,Potential Loyalist
SA-20830,64,10,4902220.0,3,5,5,355,Potential Loyalist
SB-20170,202,3,149391.0,2,1,1,211,Lost Customers
SB-20185,189,6,3060710.0,2,3,5,235,At Risk
SB-20290,48,7,6689360.0,4,4,5,445,Champions
SC-20020,782,5,3586160.0,1,2,5,125,Lost Customers
SC-20050,41,9,1763301.0,4,5,4,454,Champions
SC-20095,350,9,1823170.0,1,5,4,154,At Risk
SC-20230,150,4,3118591.0,2,2,5,225,Lost Customers
SC-20260,188,8,2092333.0,2,4,5,245,At Risk
SC-20305,30,7,1097067.0,4,4,3,443,Loyal Customers
SC-20380,31,9,2925876.0,4,5,5,455,Champions
SC-20440,37,7,767593.0,4,4,3,443,Loyal Customers
SC-20575,93,5,128827.0,3,2,1,321,Potential Loyalist
SC-20680,127,6,125464.0,2,3,1,231,At Risk
SC-20695,90,10,307823.0,3,5,2,352,Potential Loyalist
SC-20725,188,11,1175571.0,2,5,4,254,At Risk
SC-20770,42,7,1230616.0,4,4,4,444,Loyal Customers
SC-20800,31,4,209785.0,4,2,1,421,Loyal Customers
SC-20845,132,2,280632.0,2,1,2,212,Lost Customers
SD-20485,201,9,1709404.0,2,5,4,254,At Risk
SE-20110,10,11,2501525.0,5,5,5,555,Champions
SF-20065,60,7,132025.0,3,4,1,341,Potential Loyalist
SF-20200,60,9,684464.0,3,5,3,353,Potential Loyalist
SF-20965,49,9,582265.0,4,5,2,452,Loyal Customers
SG-20080,9,3,1370574.0,5,1,4,514,Recent Customers
SG-20470,184,8,470880.0,2,4,2,242,At Risk
SG-20605,109,6,698468.0,2,3,3,233,At Risk
SG-20890,227,3,37551.0,1,1,1,111,Lost Customers
SH-19975,30,13,5296682.0,4,5,5,455,Champions
SH-20395,24,10,1635183.0,5,5,4,554,Champions
SH-20635,766,2,832864.0,1,1,3,113,Lost Customers
SJ-20125,96,12,1784571.0,3,5,4,354,Potential Loyalist
SJ-20215,30,6,912618.0,4,3,3,433,Loyal Customers
SJ-20500,254,5,209238.0,1,2,1,121,Lost Customers
SK-19990,9,3,656780.0,5,1,3,513,Recent Customers
SL-20155,71,7,405698.0,3,4,2,342,Potential Loyalist
SM-20005,422,4,211023.0,1,2,1,121,Lost Customers
SM-20320,80,5,3372562.0,3,2,5,325,Potential Loyalist
SM-20905,607,1,741703.0,1,1,3,113,Lost Customers
SM-20950,26,12,2870844.0,5,5,5,555,Champions
SN-20560,112,6,873901.0,2,3,3,233,At Risk
SN-20710,80,7,6723974.0,3,4,5,345,Potential Loyalist
SO-20335,30,6,10279823.0,4,3,5,435,Loyal Customers
SP-20545,328,6,630735.0,1,3,2,132,At Risk
SP-20620,48,9,4648202.0,4,5,5,455,Champions
SP-20650,387,9,922153.0,1,5,3,153,At Risk
SP-20860,80,10,3032606.0,3,5,5,355,Potential Loyalist
SP-20920,71,6,3933485.0,3,3,5,335,Potential Loyalist
SR-20425,9,5,2794443.0,5,2,5,525,Loyal Customers
SR-20740,197,8,158708.0,2,4,1,241,At Risk
SS-20140,16,8,179786.0,5,4,1,541,Loyal Customers
SS-20410,111,6,1755191.0,2,3,4,234,At Risk
SS-20515,492,3,61340.0,1,1,1,111,Lost Customers
SS-20590,433,6,40148.0,1,3,1,131,At Risk
SS-20875,121,5,417130.0,2,2,2,222,Lost Customers
ST-20530,126,7,225035.0,2,4,1,241,At Risk
SU-20665,21,7,1647295.0,5,4,4,544,Champions
SV-20365,102,10,5660487.0,3,5,5,355,Potential Loyalist
SV-20785,321,9,2656629.0,1,5,5,155,At Risk
SV-20815,77,4,997553.0,3,2,3,323,Potential Loyalist
SV-20935,3,8,551493.0,5,4,2,542,Loyal Customers
SW-20245,82,7,689852.0,3,4,3,343,Potential Loyalist
SW-20275,31,6,176865.0,4,3,1,431,Loyal Customers
SW-20350,163,3,244801.0,2,1,1,211,Lost Customers
SW-20455,163,7,2533797.0,2,4,5,245,At Risk
SW-20755,535,2,660524.0,1,1,3,113,Lost Customers
SZ-20035,36,11,1683795.0,4,5,4,454,Champions
TA-21385,70,4,11388497.0,3,2,5,325,Potential Loyalist
TB-21055,120,5,365174.0,2,2,2,222,Lost Customers
TB-21175,59,4,596985.0,3,2,2,322,Potential Loyalist
TB-21190,50,4,771408.0,4,2,3,423,Loyal Customers
TB-21250,350,7,795706.0,1,4,3,143,At Risk
TB-21280,584,6,330806.0,1,3,2,132,At Risk
TB-21355,147,5,196390.0,2,2,1,221,Lost Customers
TB-21400,203,7,1070809.0,2,4,3,243,At Risk
TB-21520,108,9,808617.0,2,5,3,253,At Risk
TB-21595,286,5,659963.0,1,2,3,123,Lost Customers
TB-21625,31,9,1466478.0,4,5,4,454,Champions
TC-20980,400,5,1969336.0,1,2,4,124,Lost Customers
TC-21145,107,1,99560.0,2,1,1,211,Lost Customers
TC-21295,28,8,1173566.0,4,4,4,444,Loyal Customers
TC-21475,154,9,248424.0,2,5,1,251,At Risk
TC-21535,5,7,164533.0,5,4,1,541,Loyal Customers
TD-20995,38,9,1249283.0,4,5,4,454,Champions
TG-21310,338,5,1636516.0,1,3,4,134,At Risk
TG-21640,115,4,1348919.0,2,2,4,224,Lost Customers
TH-21100,345,5,1780440.0,1,3,4,134,At Risk
TH-21115,59,4,1955400.0,3,2,4,324,Potential Loyalist
TH-21235,118,8,866339.0,2,4,3,243,At Risk
TH-21550,73,7,2045593.0,3,4,5,345,Potential Loyalist
TM-21010,104,8,583780.0,3,4,2,342,Potential Loyalist
TM-21490,131,3,298475.0,2,1,2,212,Lost Customers
TN-21040,91,7,1049061.0,3,4,3,343,Potential Loyalist
TP-21130,9,9,460954.0,5,5,2,552,Loyal Customers
TP-21415,105,5,6422539.0,2,3,5,235,At Risk
TP-21565,351,4,1816112.0,1,2,4,124,Lost Customers
TR-21325,194,5,51297.0,2,3,1,231,At Risk
TS-21085,358,2,4833.0,1,1,1,111,Lost Customers
TS-21160,505,6,1027023.0,1,3,3,133,At Risk
TS-21205,199,7,3967513.0,2,4,5,245,At Risk
TS-21340,227,5,244531.0,1,3,1,131,At Risk
TS-21370,37,6,3107067.0,4,3,5,435,Loyal Customers
TS-21430,173,5,289060.0,2,3,2,232,At Risk
TS-21505,12,6,974373.0,5,3,3,533,Loyal Customers
TS-21610,56,7,1419628.0,3,4,4,344,Potential Loyalist
TS-21655,239,5,1303674.0,1,3,4,134,At Risk
TT-21070,32,7,3703338.0,4,4,5,445,Champions
TT-21220,184,8,830704.0,2,4,3,243,At Risk
TT-21265,407,3,14871.0,1,1,1,111,Lost Customers
TT-21460,13,7,644425.0,5,4,2,542,Loyal Customers
TW-21025,65,7,1094717.0,3,4,3,343,Potential Loyalist
TZ-21580,36,4,676246.0,4,2,3,423,Loyal Customers
VB-21745,55,6,345645.0,3,3,2,332,Potential Loyalist
VD-21670,582,6,1461501.0,1,3,4,134,At Risk
VF-21715,14,5,748962.0,5,3,3,533,Loyal Customers
VG-21790,155,6,522217.0,2,3,2,232,At Risk
VG-21805,287,5,389230.0,1,3,2,132,At Risk
VM-21685,55,7,935081.0,3,4,3,343,Potential Loyalist
VM-21835,118,5,78749.0,2,3,1,231,At Risk
VP-21730,31,3,165722.0,4,1,1,411,Recent Customers
VP-21760,76,7,2586229.0,3,4,5,345,Potential Loyalist
VS-21820,222,4,1046594.0,2,2,3,223,Lost Customers
VT-21700,1001,2,1315810.0,1,1,4,114,Lost Customers
VW-21775,29,10,1237462.0,4,5,4,454,Champions
WB-21850,21,11,3953185.0,5,5,5,555,Champions
XP-21865,44,11,1005065.0,4,5,3,453,Loyal Customers
YC-21895,5,5,1920626.0,5,3,4,534,Loyal Customers
YS-21880,10,8,3561381.0,5,4,5,545,Champions
ZC-21910,55,13,3383039.0,3,5,5,355,Potential Loyalist
ZD-21925,203,5,163780.0,2,3,1,231,At Risk
